
SET IDENTITY_INSERT [dbo].[Estado] ON
INSERT INTO [dbo].[Estado] ([Id], [NMEstado]) VALUES (1, N'AC')
INSERT INTO [dbo].[Estado] ([Id], [NMEstado]) VALUES (2, N'AL')
INSERT INTO [dbo].[Estado] ([Id], [NMEstado]) VALUES (3, N'AP')
INSERT INTO [dbo].[Estado] ([Id], [NMEstado]) VALUES (4, N'AM')
INSERT INTO [dbo].[Estado] ([Id], [NMEstado]) VALUES (5, N'BA')
INSERT INTO [dbo].[Estado] ([Id], [NMEstado]) VALUES (6, N'CE')
INSERT INTO [dbo].[Estado] ([Id], [NMEstado]) VALUES (7, N'DF')
INSERT INTO [dbo].[Estado] ([Id], [NMEstado]) VALUES (8, N'ES')
INSERT INTO [dbo].[Estado] ([Id], [NMEstado]) VALUES (9, N'GO')
INSERT INTO [dbo].[Estado] ([Id], [NMEstado]) VALUES (10, N'MA')
INSERT INTO [dbo].[Estado] ([Id], [NMEstado]) VALUES (11, N'MS')
INSERT INTO [dbo].[Estado] ([Id], [NMEstado]) VALUES (12, N'PA')
INSERT INTO [dbo].[Estado] ([Id], [NMEstado]) VALUES (13, N'PB')
INSERT INTO [dbo].[Estado] ([Id], [NMEstado]) VALUES (14, N'PE')
INSERT INTO [dbo].[Estado] ([Id], [NMEstado]) VALUES (15, N'PI')
INSERT INTO [dbo].[Estado] ([Id], [NMEstado]) VALUES (16, N'PR')
INSERT INTO [dbo].[Estado] ([Id], [NMEstado]) VALUES (17, N'RJ')
INSERT INTO [dbo].[Estado] ([Id], [NMEstado]) VALUES (18, N'RN')
INSERT INTO [dbo].[Estado] ([Id], [NMEstado]) VALUES (19, N'RO')
INSERT INTO [dbo].[Estado] ([Id], [NMEstado]) VALUES (20, N'RR')
INSERT INTO [dbo].[Estado] ([Id], [NMEstado]) VALUES (21, N'SC')
INSERT INTO [dbo].[Estado] ([Id], [NMEstado]) VALUES (22, N'SP')
INSERT INTO [dbo].[Estado] ([Id], [NMEstado]) VALUES (23, N'SE')
INSERT INTO [dbo].[Estado] ([Id], [NMEstado]) VALUES (24, N'TO')
SET IDENTITY_INSERT [dbo].[Estado] OFF

SET IDENTITY_INSERT [dbo].[Cidade] ON
INSERT INTO [dbo].[Cidade] ([Id], [NMCidade], [IdEstado], [Estado_Id]) VALUES (2, N'Curitiba', 16, NULL)
INSERT INTO [dbo].[Cidade] ([Id], [NMCidade], [IdEstado], [Estado_Id]) VALUES (3, N'Maringá', 16, NULL)
SET IDENTITY_INSERT [dbo].[Cidade] OFF

SET IDENTITY_INSERT [dbo].[Especie] ON
INSERT INTO [dbo].[Especie] ([Id], [Descricao]) VALUES (1, N'Ave')
INSERT INTO [dbo].[Especie] ([Id], [Descricao]) VALUES (2, N'Bovina')
INSERT INTO [dbo].[Especie] ([Id], [Descricao]) VALUES (3, N'Caprino')
INSERT INTO [dbo].[Especie] ([Id], [Descricao]) VALUES (4, N'Coelho')
INSERT INTO [dbo].[Especie] ([Id], [Descricao]) VALUES (5, N'Equino')
INSERT INTO [dbo].[Especie] ([Id], [Descricao]) VALUES (6, N'Felino')
INSERT INTO [dbo].[Especie] ([Id], [Descricao]) VALUES (7, N'Ovino')
INSERT INTO [dbo].[Especie] ([Id], [Descricao]) VALUES (8, N'Peixe')
INSERT INTO [dbo].[Especie] ([Id], [Descricao]) VALUES (9, N'Réptil')
INSERT INTO [dbo].[Especie] ([Id], [Descricao]) VALUES (10, N'Suina')
INSERT INTO [dbo].[Especie] ([Id], [Descricao]) VALUES (11, N'Canina')
SET IDENTITY_INSERT [dbo].[Especie] OFF

SET IDENTITY_INSERT [dbo].[Porte] ON
INSERT INTO [dbo].[Porte] ([Id], [Descricao]) VALUES (1, N'Pequeno')
INSERT INTO [dbo].[Porte] ([Id], [Descricao]) VALUES (2, N'Médio')
INSERT INTO [dbo].[Porte] ([Id], [Descricao]) VALUES (3, N'Grande')
INSERT INTO [dbo].[Porte] ([Id], [Descricao]) VALUES (4, N'Gigante')
SET IDENTITY_INSERT [dbo].[Porte] OFF

SET IDENTITY_INSERT [dbo].[Raca] ON
INSERT INTO [dbo].[Raca] ([Id], [Descricao], [EspecieId]) VALUES (1, N'Andotinha', 1)
INSERT INTO [dbo].[Raca] ([Id], [Descricao], [EspecieId]) VALUES (2, N'Bandeirinha', 1)
INSERT INTO [dbo].[Raca] ([Id], [Descricao], [EspecieId]) VALUES (3, N'Coruja', 1)
INSERT INTO [dbo].[Raca] ([Id], [Descricao], [EspecieId]) VALUES (4, N'Degolado', 1)
INSERT INTO [dbo].[Raca] ([Id], [Descricao], [EspecieId]) VALUES (5, N'Quero quero', 1)
INSERT INTO [dbo].[Raca] ([Id], [Descricao], [EspecieId]) VALUES (6, N'Gavião', 1)
INSERT INTO [dbo].[Raca] ([Id], [Descricao], [EspecieId]) VALUES (7, N'Angus', 2)
INSERT INTO [dbo].[Raca] ([Id], [Descricao], [EspecieId]) VALUES (8, N'Caracu', 2)
INSERT INTO [dbo].[Raca] ([Id], [Descricao], [EspecieId]) VALUES (9, N'Nelore', 2)
INSERT INTO [dbo].[Raca] ([Id], [Descricao], [EspecieId]) VALUES (10, N'Akita', 11)
INSERT INTO [dbo].[Raca] ([Id], [Descricao], [EspecieId]) VALUES (11, N'Basset Hound', 11)
INSERT INTO [dbo].[Raca] ([Id], [Descricao], [EspecieId]) VALUES (12, N'Cocker Spaniel Inglês', 11)
INSERT INTO [dbo].[Raca] ([Id], [Descricao], [EspecieId]) VALUES (13, N'Golden Retriever', 11)
INSERT INTO [dbo].[Raca] ([Id], [Descricao], [EspecieId]) VALUES (15, N'Maltês', 11)
INSERT INTO [dbo].[Raca] ([Id], [Descricao], [EspecieId]) VALUES (16, N'Pastor Alemão', 11)
INSERT INTO [dbo].[Raca] ([Id], [Descricao], [EspecieId]) VALUES (17, N'Sem Raça Definida', 11)
INSERT INTO [dbo].[Raca] ([Id], [Descricao], [EspecieId]) VALUES (18, N'Repartida', 3)
INSERT INTO [dbo].[Raca] ([Id], [Descricao], [EspecieId]) VALUES (19, N'Canindé', 3)
INSERT INTO [dbo].[Raca] ([Id], [Descricao], [EspecieId]) VALUES (20, N'Boer', 3)
INSERT INTO [dbo].[Raca] ([Id], [Descricao], [EspecieId]) VALUES (21, N'Holandês', 4)
INSERT INTO [dbo].[Raca] ([Id], [Descricao], [EspecieId]) VALUES (22, N'Dwarf Hotot', 4)
INSERT INTO [dbo].[Raca] ([Id], [Descricao], [EspecieId]) VALUES (23, N'Mini lop', 4)
INSERT INTO [dbo].[Raca] ([Id], [Descricao], [EspecieId]) VALUES (25, N'Polish', 4)
INSERT INTO [dbo].[Raca] ([Id], [Descricao], [EspecieId]) VALUES (26, N'Lion', 4)
INSERT INTO [dbo].[Raca] ([Id], [Descricao], [EspecieId]) VALUES (27, N'American Saddlebred', 5)
INSERT INTO [dbo].[Raca] ([Id], [Descricao], [EspecieId]) VALUES (28, N'Finlandês', 5)
INSERT INTO [dbo].[Raca] ([Id], [Descricao], [EspecieId]) VALUES (29, N'Pônei', 5)
INSERT INTO [dbo].[Raca] ([Id], [Descricao], [EspecieId]) VALUES (30, N'Puro Sangue Lusitano', 5)
INSERT INTO [dbo].[Raca] ([Id], [Descricao], [EspecieId]) VALUES (31, N'Shire', 5)
INSERT INTO [dbo].[Raca] ([Id], [Descricao], [EspecieId]) VALUES (32, N'Abissínio', 6)
INSERT INTO [dbo].[Raca] ([Id], [Descricao], [EspecieId]) VALUES (33, N'Angorá', 6)
INSERT INTO [dbo].[Raca] ([Id], [Descricao], [EspecieId]) VALUES (34, N'Egyptian Mau', 6)
INSERT INTO [dbo].[Raca] ([Id], [Descricao], [EspecieId]) VALUES (35, N'Exótico', 6)
INSERT INTO [dbo].[Raca] ([Id], [Descricao], [EspecieId]) VALUES (36, N'Maine Coon', 6)
INSERT INTO [dbo].[Raca] ([Id], [Descricao], [EspecieId]) VALUES (37, N'Persa', 6)
INSERT INTO [dbo].[Raca] ([Id], [Descricao], [EspecieId]) VALUES (38, N'Scottish Fold', 6)
INSERT INTO [dbo].[Raca] ([Id], [Descricao], [EspecieId]) VALUES (39, N'Dorper', 7)
INSERT INTO [dbo].[Raca] ([Id], [Descricao], [EspecieId]) VALUES (40, N'Merino', 7)
INSERT INTO [dbo].[Raca] ([Id], [Descricao], [EspecieId]) VALUES (41, N'Ryeland', 7)
INSERT INTO [dbo].[Raca] ([Id], [Descricao], [EspecieId]) VALUES (42, N'Texel', 7)
INSERT INTO [dbo].[Raca] ([Id], [Descricao], [EspecieId]) VALUES (43, N'Abelhinha', 8)
INSERT INTO [dbo].[Raca] ([Id], [Descricao], [EspecieId]) VALUES (44, N'Baiacu', 8)
INSERT INTO [dbo].[Raca] ([Id], [Descricao], [EspecieId]) VALUES (45, N'Dojô', 8)
INSERT INTO [dbo].[Raca] ([Id], [Descricao], [EspecieId]) VALUES (46, N'Neon', 8)
INSERT INTO [dbo].[Raca] ([Id], [Descricao], [EspecieId]) VALUES (47, N'Peixe-palhaço', 8)
INSERT INTO [dbo].[Raca] ([Id], [Descricao], [EspecieId]) VALUES (48, N'Tubarão', 8)
INSERT INTO [dbo].[Raca] ([Id], [Descricao], [EspecieId]) VALUES (49, N'Anole Verde', 9)
INSERT INTO [dbo].[Raca] ([Id], [Descricao], [EspecieId]) VALUES (50, N'Boicora', 9)
INSERT INTO [dbo].[Raca] ([Id], [Descricao], [EspecieId]) VALUES (51, N'Cobra-de-vidro', 9)
INSERT INTO [dbo].[Raca] ([Id], [Descricao], [EspecieId]) VALUES (52, N'Jararaca-verde', 9)
INSERT INTO [dbo].[Raca] ([Id], [Descricao], [EspecieId]) VALUES (53, N'Lagarto aranha', 9)
INSERT INTO [dbo].[Raca] ([Id], [Descricao], [EspecieId]) VALUES (54, N'Berkshire', 10)
INSERT INTO [dbo].[Raca] ([Id], [Descricao], [EspecieId]) VALUES (55, N'British Lop', 10)
INSERT INTO [dbo].[Raca] ([Id], [Descricao], [EspecieId]) VALUES (56, N'Cantonense', 10)
INSERT INTO [dbo].[Raca] ([Id], [Descricao], [EspecieId]) VALUES (57, N'Duroc', 10)
SET IDENTITY_INSERT [dbo].[Raca] OFF

SET IDENTITY_INSERT [dbo].[Sexo] ON
INSERT INTO [dbo].[Sexo] ([Id], [Descricao]) VALUES (1, N'Macho')
INSERT INTO [dbo].[Sexo] ([Id], [Descricao]) VALUES (2, N'Femêa')
INSERT INTO [dbo].[Sexo] ([Id], [Descricao]) VALUES (3, N'Macho - Castrado')
INSERT INTO [dbo].[Sexo] ([Id], [Descricao]) VALUES (4, N'Femêa -  Esterelizada')
INSERT INTO [dbo].[Sexo] ([Id], [Descricao]) VALUES (5, N'Indeterminado')
SET IDENTITY_INSERT [dbo].[Sexo] OFF


